{"sae_path": "/home/ubuntu/.cache/huggingface/hub/models--Qwen--SAE-Res-Qwen3-8B-Base-W64K-L0_50/snapshots/31b772ba391ca0b48861dd876827e905045efeec/layer20.sae.pt", "top_k": 100, "feature_ids": [31005, 5356, 31713, 8230, 25819, 21816, 46334, 30556, 59381, 5967, 55158, 46248, 56875, 59822, 14460, 50411, 54079, 9743, 30315, 47672, 34187, 935, 55621, 5054, 5318, 34198, 7690, 9040, 1775, 53093, 2875, 52132, 63270, 32701, 22382, 30898, 65473, 52993, 65391, 36459, 21402, 2596, 52558, 48004, 13283, 43184, 34566, 37035, 7959, 36438, 18758, 3329, 10947, 32931, 2708, 30395, 21331, 53425, 28169, 23074, 1436, 61610, 27292, 63549, 48257, 50232, 11192, 51597, 64858, 13141, 31368, 60999, 24845, 16848, 20950, 637, 30697, 33942, 46173, 52642, 1828, 46329, 59603, 21288, 59147, 9662, 65360, 40740, 17741, 29041, 29036, 50600, 10830, 25827, 22812, 37239, 13647, 4510, 30693, 9066], "signs": [1, -1, 1, -1, 1, -1, -1, -1, -1, 1, 1, 1, -1, -1, 1, -1, -1, 1, -1, -1, -1, 1, -1, 1, 1, 1, -1, -1, 1, -1, 1, 1, 1, -1, 1, -1, 1, -1, -1, -1, 1, -1, -1, 1, -1, -1, -1, -1, -1, -1, 1, -1, -1, 1, -1, -1, 1, -1, -1, -1, -1, 1, 1, 1, -1, 1, 1, -1, -1, -1, -1, -1, 1, -1, 1, 1, 1, 1, 1, -1, 1, -1, -1, -1, -1, 1, -1, -1, 1, -1, -1, -1, -1, -1, -1, -1, -1, -1, -1, -1], "diffs": [3.3569679260253906, -3.0690033435821533, 2.7095439434051514, -2.546452760696411, 2.4792652130126953, -2.355152130126953, -2.3032093048095703, -2.2253379821777344, -2.1359798908233643, 2.1280407905578613, 2.043750047683716, 1.7500845193862915, -1.6959037780761719, -1.6649070978164673, 1.6084460020065308, -1.599957823753357, -1.5485644340515137, 1.4753801822662354, -1.4693411588668823, -1.4679054021835327, -1.449747085571289, 1.4112119674682617, -1.4067567586898804, 1.2504222393035889, 1.2056587934494019, 1.1860642433166504, -1.0782089233398438, -1.0597972869873047, 1.0461149215698242, -1.0439189672470093, 1.0279983282089233, 1.0123310089111328, 1.0083613395690918, -0.9628378748893738, 0.9548564553260803, -0.9162158966064453, 0.8929054737091064, -0.8769006729125977, -0.8741554021835327, -0.8679897785186768, 0.8364028930664062, -0.7554899454116821, -0.75, 0.7467905879020691, -0.7432432174682617, -0.7060810923576355, -0.6742396354675293, -0.6351351737976074, -0.6347973346710205, -0.6209449768066406, 0.6130490303039551, -0.601689338684082, -0.5773649215698242, 0.5682010054588318, -0.5650337934494019, -0.5445945262908936, 0.5283783674240112, -0.5129647254943848, -0.5098185539245605, -0.5011405944824219, -0.48445987701416016, 0.47223395109176636, 0.4358954429626465, 0.3937077820301056, -0.3739020824432373, 0.37187501788139343, 0.36250001192092896, -0.3505067527294159, -0.34332770109176636, -0.3390202522277832, -0.33526182174682617, -0.3226351737976074, 0.32037585973739624, -0.31587839126586914, 0.30422306060791016, 0.29738175868988037, 0.28167229890823364, 0.27683699131011963, 0.24358107149600983, -0.2432432472705841, 0.23927366733551025, -0.23479729890823364, -0.21114864945411682, -0.1875, -0.18581081926822662, 0.1796875, -0.17905405163764954, -0.17736487090587616, 0.17723818123340607, -0.17081928253173828, -0.16047297418117523, -0.15625, -0.15456080436706543, -0.15413856506347656, -0.14020270109176636, -0.13935811817646027, -0.1368243247270584, -0.13344594836235046, -0.12888526916503906, -0.12753379344940186]}