{"sae_path": "/home/ubuntu/.cache/huggingface/hub/models--Qwen--SAE-Res-Qwen3-8B-Base-W64K-L0_50/snapshots/31b772ba391ca0b48861dd876827e905045efeec/layer16.sae.pt", "top_k": 100, "feature_ids": [9790, 44092, 39582, 41362, 46063, 10255, 57693, 1721, 53348, 51155, 56785, 37432, 35525, 31368, 29399, 46040, 64204, 26423, 20740, 3169, 59670, 816, 13835, 53839, 3939, 48989, 53945, 9634, 38031, 17336, 11286, 8678, 60026, 27591, 48114, 14230, 321, 8796, 37150, 22123, 34436, 39532, 61771, 32849, 8765, 57902, 50762, 52289, 24392, 44338, 47840, 65301, 28105, 22048, 50857, 30477, 2635, 3512, 5180, 41338, 18124, 13409, 18189, 39541, 25051, 48760, 39198, 53126, 40975, 4919, 4264, 55988, 17425, 56328, 16745, 62842, 2193, 35922, 53789, 39453, 13676, 37750, 29475, 5887, 48706, 24909, 54904, 25599, 63236, 32185, 41163, 64982, 44113, 31799, 2365], "signs": [-1, 1, -1, -1, 1, -1, 1, 1, 1, 1, -1, -1, -1, -1, -1, -1, 1, -1, 1, -1, 1, -1, -1, 1, 1, -1, -1, 1, -1, -1, -1, -1, -1, -1, -1, 1, -1, -1, -1, 1, -1, -1, -1, 1, -1, -1, -1, -1, 1, -1, 1, -1, -1, -1, -1, -1, -1, -1, -1, 1, -1, 1, -1, -1, -1, -1, 1, 1, -1, -1, 1, -1, -1, 1, -1, 1, 1, 1, -1, -1, 1, -1, -1, -1, -1, -1, -1, -1, 1, -1, -1, -1, 1, 1, -1], "diffs": [-2.497767925262451, 2.402902126312256, -2.0541296005249023, -2.0306921005249023, 1.9893972873687744, -1.96875, 1.9129465818405151, 1.8950892686843872, 1.6774553060531616, 1.6428570747375488, -1.6049113273620605, -1.5491070747375488, -1.4520089626312256, -1.3080358505249023, -1.2879464626312256, -1.2678571939468384, 1.1417410373687744, -1.1250001192092896, 1.0926339626312256, -1.078125, 1.05078125, -1.0200896263122559, -0.9866071939468384, 0.977678656578064, 0.9709821343421936, -0.9375, -0.890625, 0.8738839626312256, -0.8325893878936768, -0.8080358505249023, -0.7667410373687744, -0.7656252384185791, -0.7533483505249023, -0.7477679252624512, -0.7433037757873535, 0.735491156578064, -0.6930803656578064, -0.6897321939468384, -0.6534597873687744, 0.6400670409202576, -0.578125, -0.5747768878936768, -0.5736603736877441, 0.5591518878936768, -0.5379462242126465, -0.5345981121063232, -0.5022321939468384, -0.49553585052490234, 0.48828125, -0.4754462242126465, 0.4698660969734192, -0.4642857313156128, -0.453125, -0.4520087242126465, -0.4196428656578064, -0.4129464626312256, -0.3794642984867096, -0.3722100257873535, -0.3571428656578064, 0.3482142984867096, -0.3470982313156128, 0.3465401828289032, -0.34375, -0.31808042526245117, -0.3125000298023224, -0.3125, 0.29910731315612793, 0.24274563789367676, -0.23883914947509766, -0.22209835052490234, 0.196428582072258, -0.188616082072258, -0.1875000149011612, 0.18526792526245117, -0.1662946492433548, 0.1607142984867096, 0.15848207473754883, 0.1473214328289032, -0.1383928656578064, -0.13616085052490234, 0.12220978736877441, -0.1026785746216774, -0.0959821492433548, -0.0926339328289032, -0.0898437574505806, -0.0859375074505806, -0.0848214328289032, -0.0814732164144516, 0.0758928656578064, -0.0725446492433548, -0.0691964328289032, -0.04910707473754883, 0.03962063789367676, 0.024553537368774414, -0.021763324737548828]}