{
  "WARNING_synthetic_sae": null,
  "set": "qwen3-thinking-decision",
  "layer": 16,
  "paradigm": "Template-2",
  "security_risk": null,
  "threshold": 0.1,
  "top_n": null,
  "n_features_kept": 3,
  "n_candidates": 95,
  "features": [
    {
      "id": 13409,
      "sign": 1,
      "s_out": 0.6571323275566101
    },
    {
      "id": 17336,
      "sign": -1,
      "s_out": 0.36445409059524536
    },
    {
      "id": 46040,
      "sign": -1,
      "s_out": 0.11666966926516564
    }
  ],
  "norm": 1.771773099899292,
  "d_model": 4096,
  "sae_path": "/home/ubuntu/.cache/huggingface/hub/models--Qwen--SAE-Res-Qwen3-8B-Base-W64K-L0_50/snapshots/31b772ba391ca0b48861dd876827e905045efeec/layer16.sae.pt",
  "n_pos": 14,
  "n_neg": 28,
  "score_pos_mean": -3.9550235271453857,
  "score_neg_mean": -5.700852870941162,
  "cos_pos_mean": -0.05283353850245476,
  "cos_neg_mean": -0.07392610609531403,
  "auc": 0.8698979591836735
}