{
  "WARNING_synthetic_sae": null,
  "set": "qwen3-thinking-decision",
  "layer": 16,
  "paradigm": "Template-2",
  "security_risk": null,
  "threshold": 0.1,
  "top_n": null,
  "n_features_kept": 4,
  "n_candidates": 95,
  "features": [
    {
      "id": 22123,
      "sign": 1,
      "s_out": 0.7411945462226868
    },
    {
      "id": 31799,
      "sign": 1,
      "s_out": 0.6260101795196533
    },
    {
      "id": 1721,
      "sign": 1,
      "s_out": 0.17575223743915558
    },
    {
      "id": 321,
      "sign": -1,
      "s_out": 0.14335205677413032
    }
  ],
  "norm": 1.860467553138733,
  "d_model": 4096,
  "sae_path": "/home/ubuntu/.cache/huggingface/hub/models--Qwen--SAE-Res-Qwen3-8B-Base-W64K-L0_50/snapshots/31b772ba391ca0b48861dd876827e905045efeec/layer16.sae.pt",
  "n_pos": 14,
  "n_neg": 28,
  "score_pos_mean": 11.586886405944824,
  "score_neg_mean": 11.481630325317383,
  "cos_pos_mean": 0.15491943061351776,
  "cos_neg_mean": 0.14950157701969147,
  "auc": 0.576530612244898
}