{"sae_path": "/home/ubuntu/.cache/huggingface/hub/models--Qwen--SAE-Res-Qwen3-8B-Base-W64K-L0_50/snapshots/31b772ba391ca0b48861dd876827e905045efeec/layer16.sae.pt", "top_k": 100, "feature_ids": [44092, 10255, 46063, 26273, 32499, 39582, 22123, 47840, 56785, 48989, 9790, 25051, 51155, 37432, 11504, 31368, 50857, 321, 28105, 26423, 8796, 46040, 53839, 21808, 17336, 53348, 57693, 41362, 47834, 2635, 53945, 35525, 64270, 56328, 3169, 49850, 18124, 48706, 816, 37150, 2365, 32849, 39541, 22048, 4919, 11286, 57902, 5416, 52785, 50762, 31799, 61771, 48114, 43672, 33841, 64865, 39532, 2193, 24392, 13637, 9634, 27591, 38031, 48760, 55988, 59670, 52289, 3512, 64204, 65301, 64982, 8765, 4812, 42145, 40975, 8678, 26474, 50267, 30726, 30477, 44113, 39198, 41163, 13676, 47785, 20740, 63236, 44338, 65051, 37123, 222, 53126, 766, 1721, 60026, 12044, 43700, 31918, 39453, 13409], "signs": [1, -1, 1, 1, 1, -1, 1, 1, -1, -1, -1, -1, 1, -1, -1, -1, -1, -1, -1, -1, -1, -1, 1, 1, -1, 1, 1, -1, -1, -1, -1, -1, -1, 1, -1, -1, -1, -1, -1, 1, 1, 1, 1, -1, -1, -1, -1, -1, -1, -1, 1, -1, -1, 1, -1, -1, -1, 1, 1, -1, -1, -1, -1, 1, -1, 1, -1, -1, 1, -1, -1, -1, 1, -1, 1, -1, 1, -1, 1, -1, -1, -1, -1, -1, 1, 1, -1, -1, -1, 1, -1, 1, 1, -1, -1, -1, -1, -1, -1, -1], "diffs": [2.616427421569824, -1.9151606559753418, 1.7145270109176636, 1.6300675868988037, 1.5977617502212524, -1.4129644632339478, 1.343665599822998, 1.3017102479934692, -1.249746322631836, -1.2277872562408447, -1.2016892433166504, -1.161824345588684, 1.0368242263793945, -1.035473346710205, -1.0294973850250244, -1.012838363647461, -0.9989021420478821, -0.922761857509613, -0.9070945978164673, -0.8861066102981567, -0.8762669563293457, -0.7956081032752991, 0.7509714365005493, 0.7144214510917664, -0.6515203714370728, 0.6401604413986206, 0.6392313838005066, -0.6385977268218994, -0.6114864945411682, -0.5903716683387756, -0.5659630298614502, -0.5603885650634766, -0.5557432770729065, 0.5224871635437012, -0.5143581032752991, -0.5063766241073608, -0.49018168449401855, -0.48253804445266724, -0.4812498092651367, 0.45865702629089355, 0.4177365303039551, 0.41131752729415894, 0.40232259035110474, -0.3959462642669678, -0.3920607566833496, -0.38074326515197754, -0.378631591796875, -0.3720439374446869, -0.3614864945411682, -0.35979729890823364, 0.3594595193862915, -0.3590373992919922, -0.35869932174682617, 0.35434961318969727, -0.34712839126586914, -0.3170185685157776, -0.3143157958984375, 0.30785465240478516, 0.30268144607543945, -0.2956081032752991, -0.28589528799057007, -0.2799832820892334, -0.27424001693725586, 0.2712416648864746, -0.2643581032752991, 0.2583826184272766, -0.25591230392456055, -0.24408793449401855, 0.23859795928001404, -0.23310811817646027, -0.22858953475952148, -0.22086167335510254, 0.21835938096046448, -0.21410474181175232, 0.21216225624084473, -0.20988178253173828, 0.203125, -0.20270270109176636, 0.20078125596046448, -0.20054888725280762, -0.1980152130126953, -0.1844172477722168, -0.18230575323104858, -0.176710307598114, 0.17656248807907104, 0.16608953475952148, -0.16258446872234344, -0.1439189910888672, -0.13935811817646027, 0.13862964510917664, -0.13513514399528503, 0.1348395198583603, 0.1171875, -0.11486487090587616, -0.10168933868408203, -0.0984797403216362, -0.09459459781646729, -0.09206081181764603, -0.08268570899963379, -0.07305743545293808]}