{"sae_path": "/home/ubuntu/.cache/huggingface/hub/models--Qwen--SAE-Res-Qwen3-8B-Base-W64K-L0_50/snapshots/31b772ba391ca0b48861dd876827e905045efeec/layer20.sae.pt", "top_k": 100, "feature_ids": [14460, 31005, 5967, 30556, 43184, 47672, 21816, 25819, 34187, 46334, 54079, 5356, 55158, 8230, 9743, 32931, 59381, 5318, 31713, 935, 29041, 13283, 7690, 46173, 36438, 9040, 30205, 2596, 7959, 11188, 10830, 5054, 52558, 52993, 30898, 52132, 61610, 1436, 1828, 13141, 30693, 63270, 55621, 53425, 3329, 36459, 34566, 65391, 23074, 48257, 1775, 37035, 20950, 21331, 24845, 30395, 37694, 33942, 10947, 54810, 2033, 31368, 60999, 16321, 51597, 3958, 27292, 28169, 21402, 2875, 61142, 7298, 24635, 30697, 18758, 34198, 9662, 40227, 49133, 1059, 53093, 12530, 59147, 48004, 56875, 19348, 14247, 56973, 25827], "signs": [1, 1, 1, -1, -1, -1, -1, 1, -1, -1, -1, -1, 1, -1, 1, 1, -1, 1, 1, 1, -1, -1, -1, 1, -1, -1, -1, -1, 1, -1, -1, 1, -1, -1, -1, -1, 1, -1, -1, -1, -1, 1, -1, -1, -1, -1, -1, -1, -1, -1, -1, -1, 1, 1, 1, -1, 1, -1, -1, 1, 1, 1, -1, -1, -1, -1, 1, -1, -1, 1, 1, 1, -1, 1, 1, 1, -1, -1, 1, -1, -1, -1, 1, -1, -1, -1, -1, 1, -1], "diffs": [4.386160850524902, 3.9832592010498047, 3.7857143878936768, -3.2232143878936768, -3.122767925262451, -3.122767925262451, -2.875000476837158, 2.8738842010498047, -2.8058037757873535, -2.763392925262451, -2.7120537757873535, -2.6651787757873535, 2.5982141494750977, -2.5424108505249023, 2.502232551574707, 2.427455425262451, -2.357142925262451, 2.247767925262451, 2.1830358505249023, 2.1450893878936768, -2.142857313156128, -1.843750238418579, -1.7276782989501953, 1.7008929252624512, -1.629465103149414, -1.5714282989501953, -1.5680804252624512, -1.4821429252624512, 1.4709820747375488, -1.4375, -1.4285712242126465, 1.361607313156128, -1.329241156578064, -1.296875, -1.2589282989501953, -1.2165179252624512, 1.1886160373687744, -1.1517858505249023, -1.1127232313156128, -1.0323662757873535, -0.9598217010498047, 0.9375, -0.9375, -0.8995532989501953, -0.8727679252624512, -0.8002232313156128, -0.796875, -0.6595982313156128, -0.654017448425293, -0.6026785969734192, -0.5959820747375488, -0.59375, 0.5803565979003906, 0.5245535969734192, 0.4720982313156128, -0.46428585052490234, 0.43526792526245117, -0.42410707473754883, -0.4129462242126465, 0.3995535373687744, 0.3973214328289032, 0.3448657989501953, -0.34375, -0.3337059020996094, -0.322544664144516, -0.3191964328289032, 0.3191962242126465, -0.3125, -0.3125, 0.3125, 0.3080357313156128, 0.299107164144516, -0.1852678656578064, 0.18080353736877441, 0.1685267686843872, 0.16071414947509766, -0.15625, -0.1540178656578064, 0.1462053805589676, -0.1422991156578064, -0.140625, -0.125, 0.12053573131561279, -0.11830377578735352, -0.08705353736877441, -0.08482146263122559, -0.05357170104980469, 0.03125, -0.03125]}