{
  "WARNING_synthetic_sae": null,
  "set": "qwen3-thinking-decision",
  "layer": 20,
  "paradigm": "Template-2",
  "security_risk": null,
  "threshold": 0.1,
  "top_n": null,
  "n_features_kept": 4,
  "n_candidates": 100,
  "features": [
    {
      "id": 1436,
      "sign": -1,
      "s_out": 0.7945009469985962
    },
    {
      "id": 7690,
      "sign": -1,
      "s_out": 0.34687820076942444
    },
    {
      "id": 67,
      "sign": 0,
      "s_out": 0.24602313835794465
    },
    {
      "id": 14247,
      "sign": -1,
      "s_out": 0.12261285162607337
    }
  ],
  "norm": 1.958896279335022,
  "d_model": 4096,
  "sae_path": "/home/ubuntu/.cache/huggingface/hub/models--Qwen--SAE-Res-Qwen3-8B-Base-W64K-L0_50/snapshots/31b772ba391ca0b48861dd876827e905045efeec/layer20.sae.pt",
  "n_pos": 14,
  "n_neg": 28,
  "score_pos_mean": -33.59700393676758,
  "score_neg_mean": -36.519081115722656,
  "cos_pos_mean": -0.261359304189682,
  "cos_neg_mean": -0.27709275484085083,
  "auc": 0.8520408163265306
}