{"sae_path": "/home/ubuntu/.cache/huggingface/hub/models--Qwen--SAE-Res-Qwen3-8B-Base-W64K-L0_50/snapshots/31b772ba391ca0b48861dd876827e905045efeec/layer20.sae.pt", "top_k": 100, "feature_ids": [5967, 30556, 9743, 46173, 43184, 25819, 31713, 18758, 31005, 54079, 30205, 14460, 8230, 34187, 5356, 48257, 53093, 47672, 7690, 48004, 63270, 34566, 21816, 5054, 52132, 935, 28169, 1775, 61610, 13283, 23074, 9040, 36438, 29041, 10830, 1436, 25827, 37694, 1828, 36459, 30898, 65391, 31368, 13141, 52558, 14247, 10947, 41136, 1059, 46334, 7959, 50411, 55158, 53425, 27292, 55621, 59381, 19348, 5318, 11188, 2875, 32931, 62380, 60999, 37035, 30693, 34198, 21402, 56875, 6481, 52993, 12530, 21331, 31216, 30395, 26748, 61940, 46248, 16321, 20950, 54810, 56973, 3958, 7298, 49133, 30697, 59147, 3329, 61142, 24845, 2596, 40227, 33942, 51597], "signs": [1, -1, 1, 1, -1, 1, 1, 1, 1, -1, -1, 1, -1, -1, -1, -1, -1, -1, -1, 1, -1, -1, -1, 1, -1, 1, -1, -1, 1, -1, -1, -1, -1, -1, -1, -1, -1, 1, -1, -1, -1, -1, -1, -1, 1, -1, -1, -1, 1, -1, 1, -1, 1, -1, 1, -1, -1, 1, -1, -1, -1, 1, -1, 1, -1, -1, 1, 1, -1, 1, -1, -1, 1, -1, -1, -1, 1, 1, -1, -1, 1, -1, -1, 1, -1, 1, 1, -1, 1, 1, -1, -1, -1, 1], "diffs": [2.508220672607422, -1.910731315612793, 1.7777481079101562, 1.688746452331543, -1.6143755912780762, 1.404261589050293, 1.3596272468566895, 1.3151710033416748, 1.3128857612609863, -1.1874408721923828, -1.1561017036437988, 1.1482075452804565, -1.1332502365112305, -1.1238126754760742, -1.1161561012268066, -1.0739554166793823, -1.0562677383422852, -0.9734094142913818, -0.9235525131225586, 0.906042218208313, -0.8572530746459961, -0.8561258316040039, -0.8389124870300293, 0.8009853363037109, -0.7997984886169434, 0.7628797292709351, -0.7551045417785645, -0.753502368927002, 0.711746096611023, -0.7089271545410156, -0.6978573799133301, -0.6712961196899414, -0.5351390838623047, -0.5341286659240723, -0.5306267738342285, -0.5072412490844727, -0.5055198669433594, 0.4871797561645508, -0.48530977964401245, -0.4583927094936371, -0.45453453063964844, -0.4526650309562683, -0.439666748046875, -0.42224597930908203, 0.4039055109024048, -0.39470577239990234, -0.38129186630249023, -0.34377968311309814, 0.3368055522441864, -0.3296537399291992, 0.3285849094390869, -0.316209614276886, 0.31606125831604004, -0.30635690689086914, 0.30211305618286133, -0.2925570011138916, -0.2833569049835205, 0.2802112102508545, -0.27255451679229736, -0.26709556579589844, -0.24919871985912323, 0.24207615852355957, -0.2361111342906952, 0.21373462677001953, -0.20441579818725586, -0.18981456756591797, 0.1809711456298828, 0.1745014190673828, -0.16209626197814941, 0.1457739770412445, -0.14509153366088867, -0.13817691802978516, 0.13188505172729492, -0.11939102411270142, -0.11930179595947266, -0.11778846383094788, 0.11728395521640778, 0.11265432089567184, -0.09469985961914062, -0.08695411682128906, 0.08205723762512207, -0.07618114352226257, -0.07288698852062225, 0.07229346036911011, -0.06819800287485123, 0.06689220666885376, 0.05941358208656311, -0.05834531784057617, 0.05478395149111748, 0.04938271641731262, -0.038758277893066406, -0.009318605065345764, -0.005579471588134766, 0.0004748329520225525]}