{"sae_path": "/home/ubuntu/.cache/huggingface/hub/models--Qwen--SAE-Res-Qwen3-8B-Base-W64K-L0_50/snapshots/31b772ba391ca0b48861dd876827e905045efeec/layer16.sae.pt", "top_k": 100, "feature_ids": [44092, 39582, 9790, 56785, 39532, 22123, 32499, 25051, 26273, 50857, 37432, 17336, 2365, 48989, 41362, 53945, 35525, 46063, 11504, 28105, 8678, 32849, 816, 10255, 321, 48706, 52289, 20740, 27591, 2635, 51155, 26423, 49850, 38031, 9634, 18124, 8765, 47840, 47834, 50762, 4919, 11286, 57902, 60026, 53348, 22048, 31368, 8796, 12044, 24392, 53126, 64982, 43672, 11778, 46040, 39541, 48760, 65301, 64270, 13676, 39453, 61771, 2193, 40975, 44113, 42145, 37150, 10111, 44338, 26474, 37123, 29475, 33841, 3169, 61963, 8894, 30477, 53789, 13637, 52785, 55988, 56328, 24909, 3512, 32185, 777, 5887, 48114, 41338, 65051, 14868, 5416, 39198, 63236, 29399, 17242, 21808, 17425, 64204, 64865], "signs": [1, -1, -1, -1, -1, 1, 1, -1, 1, -1, -1, -1, 1, -1, -1, -1, -1, 1, -1, -1, -1, 1, -1, -1, -1, -1, -1, 1, -1, -1, 1, -1, -1, -1, 1, 1, -1, 1, -1, -1, -1, -1, -1, -1, 1, -1, -1, -1, 1, 1, 1, -1, 1, 1, -1, 1, -1, -1, -1, 1, -1, -1, 1, 1, -1, -1, 1, -1, -1, 1, 1, 1, 1, -1, -1, -1, -1, -1, -1, -1, -1, -1, 1, -1, -1, -1, -1, -1, -1, 1, 1, -1, -1, -1, -1, -1, 1, -1, 1, -1], "diffs": [1.8971657752990723, -1.2947458028793335, -1.1734683513641357, -1.1045961380004883, -1.055514931678772, 0.9908242225646973, 0.9805454015731812, -0.9500613212585449, 0.8327051997184753, -0.8273286819458008, -0.8198533058166504, -0.8009804487228394, 0.759911060333252, -0.7306374311447144, -0.7249081134796143, -0.6875004768371582, -0.6212012767791748, 0.6114583015441895, -0.6000919342041016, -0.587561309337616, -0.583210825920105, 0.5827664732933044, -0.5638480186462402, -0.5502147674560547, -0.5250306725502014, -0.524004340171814, -0.5186887979507446, 0.48084402084350586, -0.4686276912689209, -0.45618879795074463, 0.45104163885116577, -0.44718146324157715, -0.4346815347671509, -0.4219977855682373, 0.41130512952804565, 0.4034311771392822, -0.40104174613952637, 0.385661780834198, -0.3815564215183258, -0.374387264251709, -0.3714461326599121, -0.35330891609191895, -0.35003089904785156, -0.34617042541503906, 0.34056365489959717, -0.3284926414489746, -0.31826019287109375, -0.30618876218795776, 0.3031249940395355, 0.28766846656799316, 0.2791972756385803, -0.266054630279541, 0.26335781812667847, 0.25655636191368103, -0.249877467751503, 0.2426469922065735, -0.23391544818878174, -0.23339465260505676, -0.22331494092941284, 0.21216297149658203, -0.20588254928588867, -0.20085811614990234, 0.19319844245910645, 0.1930760145187378, -0.18837332725524902, -0.18324144184589386, 0.17467832565307617, -0.17328433692455292, -0.16724896430969238, 0.15280331671237946, 0.1461397111415863, 0.14469972252845764, 0.14342831075191498, -0.13498777151107788, -0.13462010025978088, -0.13437500596046448, -0.1332719326019287, -0.13186274468898773, -0.1259191334247589, -0.12156863510608673, -0.12046569585800171, -0.10854792594909668, 0.10842524468898773, -0.09669137001037598, -0.09583333879709244, -0.09166666865348816, -0.08670343458652496, -0.08455896377563477, -0.08229167014360428, 0.07628676295280457, 0.06158088147640228, -0.05988049507141113, -0.05937504768371582, -0.050857849419116974, -0.05000000447034836, -0.04713542014360428, 0.0466911718249321, -0.04583333432674408, 0.045067399740219116, -0.04454657435417175]}