{"sae_path": "/home/ubuntu/.cache/huggingface/hub/models--Qwen--SAE-Res-Qwen3-8B-Base-W64K-L0_50/snapshots/31b772ba391ca0b48861dd876827e905045efeec/layer20.sae.pt", "top_k": 100, "feature_ids": [18758, 30556, 20440, 8230, 5967, 46334, 54079, 21816, 47672, 28169, 25819, 31713, 5356, 22382, 1059, 30395, 23074, 9743, 36459, 43184, 53093, 31005, 935, 14460, 7690, 5318, 34187, 46248, 10830, 34566, 9040, 1436, 48257, 30898, 63270, 55621, 59822, 5054, 13283, 30693, 65391, 65473, 52993, 31368, 30315, 52642, 53425, 10947, 36438, 52558, 61610, 21331, 32708, 59381, 1828, 13141, 21402, 30697, 29945, 48004, 7959, 20950, 32931, 56973, 37035, 50411, 34198, 27292, 29036, 17741, 21288, 46329, 54810, 16321, 3329, 19348, 52132, 23395, 2596, 60999, 62380, 64858, 56875, 29041, 11188, 60291, 29035, 51597, 17889, 37694, 32370, 25827, 37239, 24845, 59147, 55158, 59603, 6481, 14247, 2875], "signs": [1, -1, 1, -1, 1, -1, -1, -1, -1, -1, 1, 1, -1, 1, 1, -1, -1, 1, -1, -1, -1, 1, 1, 1, -1, 1, -1, 1, -1, -1, -1, -1, -1, -1, -1, -1, -1, 1, -1, -1, -1, 1, -1, -1, -1, 1, -1, -1, -1, -1, 1, 1, -1, -1, -1, -1, 1, 1, -1, 1, -1, -1, 1, 1, -1, 1, -1, 1, 1, 1, -1, -1, 1, -1, -1, -1, 1, -1, 1, 1, -1, -1, -1, -1, -1, -1, -1, -1, -1, 1, -1, -1, 1, -1, 1, -1, 1, 1, 1, 1], "diffs": [2.3829963207244873, -2.358823776245117, 1.7245097160339355, -1.6286766529083252, 1.4840373992919922, -1.4559440612792969, -1.4537992477416992, -1.3126227855682373, -1.2449142932891846, -1.2440871000289917, 1.1931371688842773, 1.1843442916870117, -1.0958337783813477, 1.0873314142227173, 1.0824601650238037, -1.0531253814697266, -1.0492191314697266, 1.0442094802856445, -1.0435662269592285, -0.978799045085907, -0.9291055202484131, 0.9230697751045227, 0.9153645038604736, 0.868688702583313, -0.7691183090209961, 0.7426469922065735, -0.717954158782959, 0.6974876523017883, -0.6938726902008057, -0.6806988716125488, -0.6717529296875, -0.6657171249389648, -0.6651961207389832, -0.6356620788574219, -0.6174633502960205, -0.6146446466445923, -0.6140625476837158, 0.6112131476402283, -0.5796570777893066, -0.5769000053405762, -0.5673713684082031, 0.5525122284889221, -0.5433516502380371, -0.5428924560546875, -0.5232537984848022, 0.5196384191513062, -0.5058212280273438, -0.4875612258911133, -0.48615455627441406, -0.47824764251708984, 0.4737132489681244, 0.4368259906768799, -0.4137258529663086, -0.3954658508300781, -0.38933825492858887, -0.38857269287109375, 0.3628654479980469, 0.3553308844566345, -0.3515625298023224, 0.33425241708755493, -0.3006742000579834, -0.29479217529296875, 0.28498774766921997, 0.2799019515514374, -0.25514745712280273, 0.254840612411499, -0.25196099281311035, 0.2384190559387207, 0.23069852590560913, 0.22303920984268188, -0.2193014919757843, -0.21231618523597717, 0.20631122589111328, -0.20615863800048828, -0.20079660415649414, -0.19448533654212952, 0.16513466835021973, -0.163939967751503, 0.162270188331604, 0.15545320510864258, -0.1518382430076599, -0.14840686321258545, -0.14702844619750977, -0.14595603942871094, -0.1448535919189453, -0.13958333432674408, -0.1380208432674408, -0.13593751192092896, -0.13437500596046448, 0.12576580047607422, -0.11875000596046448, -0.11856627464294434, 0.11351103335618973, -0.11314339935779572, 0.11305147409439087, -0.11299020051956177, 0.09987741708755493, 0.0986519455909729, 0.09129905700683594, 0.08523282408714294]}