{"sae_path": "/home/ubuntu/.cache/huggingface/hub/models--Qwen--SAE-Res-Qwen3-8B-Base-W64K-L0_50/snapshots/31b772ba391ca0b48861dd876827e905045efeec/layer20.sae.pt", "top_k": 100, "feature_ids": [13283, 48004, 55158, 2596, 8230, 25819, 59381, 52132, 46334, 31713, 5356, 18758, 5967, 21816, 1775, 48257, 52558, 32931, 9743, 62380, 29041, 53093, 14460, 5318, 1828, 50411, 19348, 30205, 10830, 34187, 37694, 56875, 61610, 11188, 20950, 46173, 1059, 30556, 43184, 13141, 31005, 30697, 7959, 12530, 34566, 9040, 25827, 54079, 52993, 54810, 36438, 47672, 3329, 53425, 28169, 30693, 37035, 23074, 16321, 24845, 46248, 30898, 60999, 30395, 21402, 63270, 33942, 40227, 65433, 56973, 29036, 2033, 31368, 36459, 10947, 1436, 27292, 21331, 935, 7690, 5054, 34198, 14247], "signs": [-1, 1, 1, -1, -1, 1, -1, -1, -1, 1, 1, 1, 1, -1, -1, -1, -1, 1, -1, -1, -1, -1, 1, -1, 1, -1, 1, -1, -1, -1, -1, -1, 1, -1, -1, 1, 1, -1, 1, 1, 1, -1, -1, 1, -1, -1, 1, -1, -1, 1, -1, 1, -1, -1, -1, -1, -1, -1, -1, 1, 1, 1, 1, -1, 1, -1, -1, 1, 1, 1, 1, 1, -1, 1, -1, -1, 1, 1, -1, -1, 1, 1, -1], "diffs": [-3.4631409645080566, 3.026442527770996, 2.9775640964508057, -2.9455127716064453, -2.9198718070983887, 2.870192527770996, -2.7491989135742188, -2.6834936141967773, -2.0608978271484375, 2.054086685180664, 2.052884578704834, 2.014423370361328, 1.9495196342468262, -1.843749761581421, -1.7924680709838867, -1.6875, -1.6758813858032227, 1.6482372283935547, -1.4178688526153564, -1.4126602411270142, -1.3886218070983887, -1.3637821674346924, 1.3217147588729858, -1.2508013248443604, 1.2007211446762085, -1.163461446762085, 1.1201924085617065, -1.0677083730697632, -1.026442050933838, -0.8798074722290039, -0.8790063858032227, -0.870192289352417, 0.8381409645080566, -0.7980766296386719, -0.7820510864257812, 0.7788462042808533, 0.7572115659713745, -0.7532051801681519, 0.7163462042808533, 0.6883015632629395, 0.6618590354919434, -0.6286057233810425, -0.6266026496887207, 0.6153850555419922, -0.5865383148193359, -0.5464744567871094, 0.5264423489570618, -0.49358975887298584, -0.48838138580322266, 0.4843750298023224, -0.4839744567871094, 0.45673084259033203, -0.43509578704833984, -0.43349361419677734, -0.427884578704834, -0.42387819290161133, -0.41185903549194336, -0.41145849227905273, -0.40064144134521484, 0.3461538553237915, 0.32932692766189575, 0.3285255432128906, 0.3237180709838867, -0.3189101219177246, 0.2964744567871094, -0.26923036575317383, -0.24278831481933594, 0.18028846383094788, 0.17067308723926544, 0.16466346383094788, 0.16346155107021332, 0.1586538553237915, -0.15504741668701172, 0.15024039149284363, -0.14743614196777344, -0.14302873611450195, 0.09775638580322266, 0.09134626388549805, -0.036057472229003906, -0.014422416687011719, 0.01282048225402832, 0.006410121917724609, -0.0016026496887207031]}