{"sae_path": "/home/ubuntu/.cache/huggingface/hub/models--Qwen--SAE-Res-Qwen3-8B-Base-W64K-L0_50/snapshots/31b772ba391ca0b48861dd876827e905045efeec/layer12.sae.pt", "top_k": 100, "feature_ids": [17633, 29273, 58926, 42243, 20064, 41324, 41806, 45445, 15471, 54975, 13058, 47483, 18561, 15031, 61143, 5720, 47971, 30436, 62670, 46061, 44823, 11336, 43177, 16407, 4563, 60821, 7249, 22460, 30604, 27413, 21295, 4752, 54203, 19906, 29750, 36285, 24560, 52915, 61192, 50292, 22894, 29653, 49852, 20608, 56103, 17287, 19091, 15959, 31291, 29132, 44270, 37460, 20747, 9844, 39856, 62198, 47029, 21015, 21300, 352, 24657, 57074, 5777, 42512, 26254, 3381, 28898, 54089, 43655, 40338, 61574, 10846, 11218, 62891, 58521, 28469, 25446, 7363, 44366, 44434, 64091, 10527, 13417, 47461, 24259, 51309, 47485, 59593, 62881, 48149, 7607, 19325, 19996, 33503, 14444, 35648, 698, 23680, 13848, 33963], "signs": [1, -1, -1, -1, 1, 1, -1, -1, -1, -1, 1, -1, -1, -1, 1, -1, -1, 1, -1, -1, 1, -1, -1, -1, -1, -1, -1, 1, -1, -1, -1, -1, -1, -1, 1, 1, 1, 1, 1, -1, -1, -1, -1, 1, 1, -1, -1, -1, -1, 1, -1, 1, -1, -1, 1, 1, -1, -1, -1, -1, 1, -1, -1, -1, 1, -1, -1, 1, 1, -1, 1, -1, 1, -1, 1, -1, 1, -1, 1, -1, -1, 1, 1, 1, -1, -1, -1, -1, 1, -1, -1, -1, -1, -1, -1, -1, -1, -1, 1, 1], "diffs": [2.392857074737549, -1.946428656578064, -1.8671876192092896, -1.78125, 1.7488839626312256, 1.7441407442092896, -1.7315847873687744, -1.4933037757873535, -1.4866071939468384, -1.4553571939468384, 1.4129464626312256, -1.3950893878936768, -1.388392686843872, -1.3169643878936768, 1.252232313156128, -1.2165179252624512, -1.174107313156128, 1.1372768878936768, -1.1361608505249023, -1.0518972873687744, 1.0491070747375488, -1.0228794813156128, -1.0223212242126465, -1.0033482313156128, -0.9877231121063232, -0.9754465818405151, -0.9508929252624512, 0.9352679252624512, -0.9319195747375488, -0.9229910373687744, -0.7555803656578064, -0.7220981121063232, -0.7131696343421936, -0.7064732313156128, 0.6953125, 0.6590402126312256, 0.622209906578064, 0.6205357909202576, 0.6049107313156128, -0.5881695747375488, -0.5814732313156128, -0.5636160373687744, -0.5613839626312256, 0.5318080186843872, 0.5100446939468384, -0.5000000596046448, -0.4988839626312256, -0.4832589626312256, -0.47321414947509766, 0.4709821939468384, -0.4441964328289032, 0.43917417526245117, -0.43136167526245117, -0.4229910373687744, 0.4095982313156128, 0.4062500298023224, -0.37053585052490234, -0.37053585052490234, -0.3515625, -0.3426339626312256, 0.31584835052490234, -0.3136160969734192, -0.3013392984867096, -0.28348231315612793, 0.2594866156578064, -0.2566964328289032, -0.23214292526245117, 0.228794664144516, 0.2254464328289032, -0.204241082072258, 0.18359375, -0.1830357164144516, 0.1808035969734192, -0.180803582072258, 0.1808035671710968, -0.1763392984867096, 0.1674107164144516, -0.165178582072258, 0.1629464328289032, -0.16071462631225586, -0.1584821492433548, 0.1411830484867096, 0.1395089328289032, 0.1328125149011612, -0.11495518684387207, -0.1071428656578064, -0.0993303582072258, -0.098214291036129, 0.0957031399011612, -0.0948660746216774, -0.0920758992433548, -0.0915178582072258, -0.0881696492433548, -0.086495541036129, -0.086495541036129, -0.0859375074505806, -0.0859375074505806, -0.08203125, 0.0809151902794838, 0.0678013488650322]}