{"sae_path": "/home/ubuntu/.cache/huggingface/hub/models--Qwen--SAE-Res-Qwen3-8B-Base-W64K-L0_50/snapshots/31b772ba391ca0b48861dd876827e905045efeec/layer28.sae.pt", "top_k": 100, "feature_ids": [56363, 63850, 58305, 49090, 47048, 728, 34687, 33715, 32513, 2647, 7782, 39776, 58989, 41139, 49644, 44412, 39881, 48152, 36398, 23990, 47374, 52091, 50224, 20866, 18857, 55186, 2235, 28408, 13311, 47292, 44058, 30582, 59204, 20938, 12285, 25877, 43015, 1241, 4766, 28972, 17861, 10458, 46162, 45317, 49559, 21839, 13665, 24861, 48257, 16796, 48038, 16726, 16598, 39785, 39059, 59748, 62327, 23122, 62715, 35860, 25318, 36650, 19029, 1100, 31472, 47809, 1561, 8556, 60219, 51339, 34348, 54689, 44035, 65311, 42352, 8749, 1528, 36896, 29541, 40786, 42400, 57513], "signs": [1, 1, 1, 1, 1, 1, -1, 1, 1, -1, -1, -1, 1, -1, -1, -1, -1, -1, 1, 1, 1, 1, 1, -1, 1, 1, 1, -1, -1, -1, -1, -1, 1, 1, 1, 1, -1, -1, 1, 1, -1, 1, 1, 1, 1, 1, 1, 1, 1, -1, -1, -1, -1, 1, -1, 1, -1, -1, -1, -1, -1, -1, -1, 1, -1, -1, -1, -1, -1, 1, 1, -1, -1, -1, -1, 1, -1, -1, -1, 1, 1, 1], "diffs": [7.705357551574707, 7.187500953674316, 6.9285736083984375, 6.921875, 6.433035850524902, 6.260045051574707, -6.254464626312256, 6.147321701049805, 5.888393402099609, -5.5089287757873535, -5.459821701049805, -5.4151787757873535, 5.004464149475098, -4.895089626312256, -4.401785373687744, -4.323660850524902, -3.9821434020996094, -3.921875, 3.8973214626312256, 3.888392448425293, 3.841517925262451, 3.6316964626312256, 3.575892925262451, -3.4910712242126465, 3.4151785373687744, 3.357142925262451, 3.3303585052490234, -3.083705425262451, -2.9151787757873535, -2.8392868041992188, -2.801339626312256, -2.6450893878936768, 2.6160707473754883, 2.580357313156128, 2.562501907348633, 2.4910717010498047, -2.4107143878936768, -2.40625, 2.1785717010498047, 1.8683032989501953, -1.7857141494750977, 1.7589302062988281, 1.7276792526245117, 1.6875001192092896, 1.635045051574707, 1.549107551574707, 1.2946429252624512, 1.2745532989501953, 1.2098217010498047, -1.1919643878936768, -1.1607143878936768, -1.1205358505249023, -1.1160697937011719, 1.1004467010498047, -1.0625, 1.0401792526245117, -0.9241070747375488, -0.9017857313156128, -0.8616071939468384, -0.8080358505249023, -0.7901785373687744, -0.691964328289032, -0.6785717010498047, 0.65625, -0.6160714626312256, -0.6071428656578064, -0.59375, -0.5859375, -0.578125, 0.4821434020996094, 0.4375, -0.3839282989501953, -0.3839282989501953, -0.3660717010498047, -0.3214282989501953, 0.3136160969734192, -0.3013392984867096, -0.2946428656578064, -0.29464244842529297, 0.16741085052490234, 0.05357074737548828, 0.04017829895019531]}