{"sae_path": "/home/ubuntu/.cache/huggingface/hub/models--Qwen--SAE-Res-Qwen3-8B-Base-W64K-L0_50/snapshots/31b772ba391ca0b48861dd876827e905045efeec/layer16.sae.pt", "top_k": 100, "feature_ids": [1721, 9634, 48989, 44092, 28105, 26423, 17336, 18124, 39532, 53839, 52289, 60026, 51155, 14230, 27554, 39582, 61963, 39453, 10255, 53126, 50762, 27591, 50857, 32849, 37750, 44338, 56785, 59670, 64204, 13409, 9790, 5180, 31368, 816, 13835, 35525, 41362, 64982, 47840, 57693, 20740, 40975, 8796, 65301, 8678, 38031, 37432, 37150, 321, 48760, 32185, 2193, 53945, 29399, 39541, 53348, 39198, 777, 8765, 3169, 53789, 22048, 44113, 10111, 41163, 31799, 3939, 46040, 52785, 56328, 30477, 24392, 47834, 34436, 5416, 55988, 11286, 13676, 57902, 43812, 2365, 61771, 46063, 63236, 48114, 22123, 3512, 4919], "signs": [-1, -1, 1, 1, 1, -1, -1, 1, -1, 1, -1, 1, 1, 1, -1, -1, -1, -1, -1, -1, 1, -1, -1, -1, -1, -1, -1, 1, 1, -1, -1, -1, 1, -1, -1, -1, -1, -1, 1, 1, 1, -1, 1, 1, -1, 1, -1, -1, 1, 1, 1, -1, -1, -1, 1, -1, -1, 1, 1, 1, 1, -1, -1, 1, 1, -1, -1, 1, 1, -1, 1, -1, 1, 1, 1, 1, 1, -1, -1, 1, 1, -1, 1, -1, -1, 1, -1, -1], "diffs": [-1.9567307233810425, -1.9166667461395264, 1.745993733406067, 1.7347755432128906, 1.694711685180664, -1.5657051801681519, -1.463942289352417, 1.3591747283935547, -1.240384578704834, 1.0540865659713745, -1.0184292793273926, 0.998798131942749, 0.9687501192092896, 0.9543269872665405, -0.9375, -0.8603765964508057, -0.8509615659713745, -0.818509578704834, -0.7976763248443604, -0.7846555709838867, 0.78125, -0.7724361419677734, -0.7724359035491943, -0.7720353603363037, -0.7564103007316589, -0.7271633148193359, -0.7043266296386719, 0.6935096383094788, 0.6810897588729858, -0.6690705418586731, -0.6410257816314697, -0.6113781929016113, 0.6073722839355469, -0.5576920509338379, -0.5392628908157349, -0.524639368057251, -0.5218349695205688, -0.5204324722290039, 0.515625, 0.43549680709838867, 0.431490421295166, -0.4158651828765869, 0.4086538553237915, 0.4062500298023224, -0.379807710647583, 0.37740421295166016, -0.3589744567871094, -0.35096144676208496, 0.3233173191547394, 0.323317289352417, 0.3209134638309479, -0.3124997615814209, -0.30048036575317383, -0.27123403549194336, 0.259615421295166, -0.25681090354919434, -0.23197102546691895, 0.23076924681663513, 0.22836542129516602, 0.22355769574642181, 0.20432692766189575, -0.18349361419677734, -0.17928671836853027, 0.17788462340831757, 0.17247596383094788, -0.16907048225402832, -0.13862180709838867, 0.13221153616905212, 0.12980769574642181, -0.12540078163146973, 0.12179487943649292, -0.11999177932739258, 0.11778846383094788, 0.11778846383094788, 0.10997596383094788, 0.10757211595773697, 0.10016036033630371, -0.09314894676208496, -0.09174680709838867, 0.08894231170415878, 0.08713960647583008, -0.07291698455810547, 0.06971168518066406, -0.06310093402862549, -0.05769205093383789, 0.04447120428085327, -0.036057472229003906, -0.02644205093383789]}