{"sae_path": "/home/ubuntu/.cache/huggingface/hub/models--Qwen--SAE-Res-Qwen3-8B-Base-W64K-L0_50/snapshots/31b772ba391ca0b48861dd876827e905045efeec/layer20.sae.pt", "top_k": 100, "feature_ids": [10830, 30395, 48004, 5356, 54079, 21402, 14074, 30697, 23074, 31368, 24845, 50411, 5318, 65473, 11188, 32708, 36459, 2596, 5967, 32931, 56875, 13283, 25819, 46248, 25827, 8230, 27292, 50600, 59381, 53093, 50575, 31713, 1059, 24635, 61610, 935, 21816, 55621, 9743, 43720, 51597, 10393, 52993, 46334, 5054, 1828, 58590, 63270, 59346, 23812, 37964, 16321, 60291, 3329, 34566, 44284, 54810, 50232, 35496, 13141, 48257, 17889, 59822, 12530, 34198, 16786, 30898, 14247, 1775, 63549, 3958, 22812, 31005, 39953, 6855, 16848, 30693, 52132, 629, 24099, 24019, 1323, 48094, 36022, 16676, 56973, 52084, 53425, 16389, 4028, 37239, 11192, 18758, 40736, 55158, 29036, 36438, 61940, 43184, 40227], "signs": [1, 1, 1, -1, -1, 1, -1, -1, 1, 1, 1, -1, 1, 1, 1, 1, -1, -1, 1, 1, -1, 1, 1, 1, -1, -1, 1, -1, -1, -1, -1, 1, -1, 1, 1, -1, -1, -1, 1, -1, -1, -1, -1, -1, -1, 1, -1, 1, -1, -1, -1, -1, -1, 1, 1, -1, 1, 1, -1, 1, -1, -1, -1, 1, 1, -1, 1, 1, 1, -1, -1, -1, 1, -1, -1, -1, 1, 1, -1, -1, -1, -1, -1, -1, -1, -1, -1, -1, -1, -1, -1, -1, -1, 1, 1, 1, 1, 1, 1, 1], "diffs": [2.1453371047973633, 1.8392856121063232, 1.7465277910232544, -1.5436509847640991, -1.531250238418579, 1.3660697937011719, -1.2455357313156128, -1.240079402923584, 1.2358627319335938, 1.184523582458496, 1.1754711866378784, -1.0555555820465088, 1.0302579402923584, 1.029513955116272, 1.0198402404785156, 0.9992556571960449, -0.9718502759933472, -0.954861044883728, 0.9459328651428223, 0.9268353581428528, -0.9265873432159424, 0.9126983880996704, 0.8896329402923584, 0.8844244480133057, -0.8690477013587952, -0.8358136415481567, 0.7748012542724609, -0.7678571939468384, -0.7415676116943359, -0.7361111640930176, -0.691964328289032, 0.6822916269302368, -0.6755954027175903, 0.6753472089767456, 0.6605902910232544, -0.6258683204650879, -0.6165676116943359, -0.6116071939468384, 0.60615074634552, -0.6026785969734192, -0.5915178656578064, -0.5892857313156128, -0.5863094329833984, -0.5603923797607422, -0.5228174924850464, 0.5007440447807312, -0.5, 0.47420644760131836, -0.4687500298023224, -0.4665178656578064, -0.4620535969734192, -0.4558539390563965, -0.4419642984867096, 0.42807531356811523, 0.4246029853820801, -0.4196428656578064, 0.4192708432674408, 0.4166666567325592, -0.4129464328289032, 0.40401744842529297, -0.3973214328289032, -0.39533731341362, -0.395089328289032, 0.3888883590698242, 0.3859126567840576, -0.3794642984867096, 0.3710317611694336, 0.365079402923584, 0.34970223903656006, -0.3464782238006592, -0.345982164144516, -0.3437500298023224, 0.3427579402923584, -0.330357164144516, -0.3258928656578064, -0.3214285969734192, 0.3144841194152832, 0.3144841194152832, -0.3080357313156128, -0.299107164144516, -0.299107164144516, -0.296875, -0.2946428656578064, -0.2946428656578064, -0.2901785969734192, -0.2849702835083008, -0.2845982313156128, -0.2772822380065918, -0.267857164144516, -0.267857164144516, -0.265625, -0.2624008059501648, -0.2586808204650879, 0.236111119389534, 0.23561501502990723, 0.2326388955116272, 0.23115158081054688, 0.2309027761220932, 0.2256944477558136, 0.2256944477558136]}