{"sae_path": "/home/ubuntu/.cache/huggingface/hub/models--Qwen--SAE-Res-Qwen3-8B-Base-W64K-L0_50/snapshots/31b772ba391ca0b48861dd876827e905045efeec/layer16.sae.pt", "top_k": 100, "feature_ids": [44092, 18124, 46063, 39582, 41362, 13835, 9790, 29399, 2365, 51155, 50857, 8678, 35525, 56785, 20740, 39532, 37432, 25051, 27591, 10255, 52289, 46040, 22123, 37750, 16745, 53126, 55988, 53789, 28105, 17336, 57693, 8796, 30477, 816, 27554, 53839, 38031, 48114, 59670, 57902, 53945, 48989, 5180, 4919, 41163, 8765, 9634, 1721, 63236, 48760, 12044, 61771, 64204, 25909, 10111, 5887, 25599, 2193, 34436, 64982, 47834, 46064, 32185, 53348, 24909, 61963, 22048, 3512, 39198, 37150, 14230, 24392, 40975, 32849, 64270, 11286, 41338, 13409, 5416, 48706, 26423, 50762, 65051, 39303, 30564, 4264, 52785, 11778, 11277, 26397, 63081, 31799, 13676, 3939, 65301, 26268, 58755, 17425, 54553, 26541], "signs": [1, 1, 1, -1, -1, -1, -1, -1, 1, 1, -1, -1, -1, -1, 1, -1, -1, -1, -1, -1, -1, -1, 1, -1, 1, -1, -1, -1, -1, -1, 1, 1, 1, -1, 1, -1, -1, -1, 1, -1, -1, -1, -1, -1, -1, -1, 1, 1, 1, 1, 1, -1, 1, -1, 1, 1, 1, -1, -1, -1, 1, 1, 1, 1, -1, 1, -1, -1, 1, 1, 1, 1, -1, 1, 1, -1, 1, -1, 1, -1, 1, -1, -1, 1, 1, -1, -1, 1, 1, -1, -1, -1, -1, -1, 1, 1, -1, 1, 1, -1], "diffs": [2.129852294921875, 1.221569299697876, 1.216479778289795, -1.2129777669906616, -1.2125622034072876, -1.184977412223816, -1.0454061031341553, -0.9417140483856201, 0.9283297061920166, 0.8574904203414917, -0.8111348748207092, -0.8073954582214355, -0.7283802628517151, -0.6712079048156738, 0.6264467835426331, -0.6167199611663818, -0.6125946044921875, -0.6083214282989502, -0.5908119678497314, -0.5464298725128174, -0.5211300849914551, -0.514007568359375, 0.48615562915802, -0.4572649598121643, 0.44536441564559937, -0.4212219715118408, -0.4029410183429718, -0.3442544937133789, -0.33909082412719727, -0.325023889541626, 0.3203496038913727, 0.30608975887298584, 0.2971569299697876, -0.2731184959411621, 0.26424503326416016, -0.2550451159477234, -0.2530863285064697, -0.2516617774963379, 0.2494361400604248, -0.24851608276367188, -0.24525165557861328, -0.2058405876159668, -0.1985398828983307, -0.18198013305664062, -0.17975427210330963, -0.17913103103637695, 0.16803181171417236, 0.16156220436096191, 0.15553778409957886, 0.15426164865493774, 0.14891976118087769, -0.1470799446105957, 0.1453881859779358, -0.1382211595773697, 0.12577161192893982, 0.12431743741035461, 0.11864910274744034, -0.11781811714172363, -0.11746200919151306, -0.11547374725341797, 0.11437557637691498, 0.1143607497215271, 0.11327753961086273, 0.11120009422302246, -0.11097756773233414, 0.11016145348548889, -0.10796499252319336, -0.10544300079345703, 0.10526466369628906, 0.10312795639038086, 0.10283118486404419, 0.10137701034545898, -0.10007119178771973, 0.09124231338500977, 0.0898326113820076, -0.08920931816101074, 0.08873456716537476, -0.08714684098958969, 0.07975724339485168, -0.07892628014087677, 0.07716035842895508, -0.07466757297515869, -0.07451923191547394, 0.0729166641831398, 0.0625, -0.06220322847366333, -0.06160969287157059, 0.057484567165374756, 0.05594135820865631, -0.055733613669872284, -0.0520833358168602, -0.04801750183105469, -0.04592537879943848, -0.04237891733646393, 0.03929251432418823, 0.03742283955216408, -0.037244778126478195, 0.0347222238779068, 0.03395061939954758, -0.03234805166721344]}