{"sae_path": "/home/ubuntu/.cache/huggingface/hub/models--Qwen--SAE-Res-Qwen3-8B-Base-W64K-L0_50/snapshots/31b772ba391ca0b48861dd876827e905045efeec/layer24.sae.pt", "top_k": 100, "feature_ids": [33597, 16912, 23343, 63638, 42601, 54316, 63767, 22997, 7535, 1523, 18725, 35693, 21718, 16687, 44132, 6726, 22853, 22576, 36053, 40592, 19162, 31689, 30342, 27926, 3511, 15345, 45613, 19831, 21098, 3719, 12398, 32330, 35165, 27101, 29666, 13073, 18007, 13787, 41910, 22524, 60193, 14186, 18777, 891, 13020, 25877, 45882, 31050, 38019, 52816, 49021, 46818, 36363, 18270, 9706, 61873, 18562, 40772, 11430, 26871, 58322, 14599, 229, 31672, 35669, 13306, 11015, 63059, 45062, 61290, 27555, 57828, 28335, 31064, 15493, 53491, 34115, 9125, 332, 59269, 52576, 12551, 52689, 33539, 10481, 26587, 4383, 10721, 59821, 26286, 10147, 46305, 5709, 8144], "signs": [1, -1, 1, 1, 1, -1, -1, -1, 1, 1, 1, -1, 1, -1, 1, -1, -1, -1, -1, -1, -1, -1, -1, -1, 1, -1, 1, -1, 1, -1, 1, 1, -1, -1, 1, 1, -1, 1, 1, -1, 1, -1, 1, 1, 1, -1, -1, 1, -1, -1, -1, 1, 1, 1, 1, -1, 1, -1, 1, 1, -1, 1, -1, 1, 1, 1, 1, -1, -1, 1, -1, 1, 1, 1, -1, 1, 1, -1, 1, 1, -1, -1, -1, -1, -1, -1, 1, -1, -1, 1, -1, 1, 1, -1], "diffs": [6.011160850524902, -5.244420051574707, 4.906251907348633, 3.9933037757873535, 3.8783483505249023, -3.642857074737549, -2.9419641494750977, -2.904017925262451, 2.7042410373687744, 2.681919813156128, 2.6573662757873535, -2.5479912757873535, 2.5301339626312256, -2.529017925262451, 2.517857551574707, -2.466517925262451, -2.2767858505249023, -2.2321434020996094, -2.1473212242126465, -2.1383934020996094, -2.1205358505249023, -2.114955186843872, -2.011159896850586, -1.984375, 1.940847396850586, -1.8928565979003906, 1.8649555444717407, -1.7946429252624512, 1.7611607313156128, -1.7477681636810303, 1.736607551574707, 1.7053571939468384, -1.6071434020996094, -1.5468751192092896, 1.5357141494750977, 1.5223217010498047, -1.497767448425293, 1.4129467010498047, 1.3716516494750977, -1.3638391494750977, 1.3482141494750977, -1.3035707473754883, 1.2098207473754883, 1.149553656578064, 1.0669631958007812, -1.03125, -0.988839328289032, 0.985491156578064, -0.9408482313156128, -0.8984375, -0.8616065979003906, 0.8415178656578064, 0.7834821343421936, 0.7410714626312256, 0.7366065979003906, -0.6473212242126465, 0.6383929252624512, -0.6205358505249023, 0.5926339626312256, 0.5591516494750977, -0.5535714030265808, 0.5334820747375488, -0.53125, 0.5156250596046448, 0.4732142984867096, 0.4464282989501953, 0.441964328289032, -0.42633914947509766, -0.424107164144516, 0.408482164144516, -0.4084821343421936, 0.4062500298023224, 0.4062500298023224, 0.4040178656578064, -0.4017857313156128, 0.392857164144516, 0.3883928656578064, -0.3705357313156128, 0.30245542526245117, 0.2254464328289032, -0.2187500149011612, -0.2098214328289032, -0.196428582072258, -0.196428582072258, -0.1908482164144516, -0.1875000149011612, 0.16964292526245117, -0.15848207473754883, -0.15401744842529297, 0.11607122421264648, -0.09375, 0.03125, 0.013392865657806396, -0.011160850524902344]}