{"sae_path": "/home/ubuntu/.cache/huggingface/hub/models--Qwen--SAE-Res-Qwen3-8B-Base-W64K-L0_50/snapshots/31b772ba391ca0b48861dd876827e905045efeec/layer32.sae.pt", "top_k": 100, "feature_ids": [12735, 2680, 57830, 52652, 14272, 62047, 63147, 23303, 4846, 11942, 59204, 18198, 60873, 11172, 60497, 51724, 8220, 41756, 56519, 36759, 39518, 37909, 10680, 35543, 38100, 29940, 63762, 32090, 37973, 64713, 46093, 41189, 27747, 13026, 17405, 49224, 49351, 56062, 61496, 33449, 22827, 10573, 42844, 55435, 15143, 27531, 49830, 11341, 30751, 39403, 32714, 50323, 45894, 45150, 18612, 60074, 30370, 54763, 40695, 1047, 55819, 42587, 33285, 15697, 65385, 56125, 29580, 9076, 18720, 29758, 22392, 63843, 14624, 30757, 40983, 49964, 3072, 37402], "signs": [-1, 1, -1, 1, 1, 1, -1, -1, -1, -1, 1, 1, -1, -1, 1, 1, -1, -1, -1, 1, 1, 1, 1, 1, 1, -1, 1, 1, -1, -1, -1, 1, 1, 1, 1, 1, -1, -1, 1, 1, -1, -1, 1, 1, -1, -1, 1, -1, -1, -1, 1, 1, -1, -1, 1, 1, 1, -1, -1, -1, 1, -1, -1, -1, -1, -1, -1, -1, -1, 1, 1, 1, 1, 1, 1, -1, -1, 1], "diffs": [-12.285720825195312, 8.852679252624512, -7.71875, 6.834821701049805, 6.629464149475098, 6.352679252624512, -5.651784896850586, -5.495535850524902, -5.102679252624512, -4.810268402099609, 4.732143402099609, 4.6964263916015625, -4.125, -4.053571701049805, 3.9464287757873535, 3.861607551574707, -3.828125238418579, -3.6696434020996094, -3.562501907348633, 3.535717010498047, 3.4910736083984375, 3.3125, 3.1160714626312256, 3.1071434020996094, 3.071430206298828, -3.0267868041992188, 2.9375, 2.7946414947509766, -2.7098217010498047, -2.5669641494750977, -2.544642925262451, 2.4642858505249023, 2.1205356121063232, 2.1160717010498047, 2.0267856121063232, 1.9821429252624512, -1.9419643878936768, -1.90625, 1.8683032989501953, 1.794642448425293, -1.7834815979003906, -1.7410717010498047, 1.7008934020996094, 1.5535717010498047, -1.4732170104980469, -1.430803656578064, 1.2633934020996094, -1.223215103149414, -1.2232141494750977, -1.214284896850586, 1.1383934020996094, 1.0267857313156128, -0.9866071939468384, -0.9821429252624512, 0.9508929252624512, 0.8348217010498047, 0.8214302062988281, -0.8214282989501953, -0.6875, -0.5691964626312256, 0.5267848968505859, -0.5133928656578064, -0.5066964626312256, -0.504464328289032, -0.4910717010498047, -0.4821428656578064, -0.4821428656578064, -0.4821428656578064, -0.4799107313156128, 0.4464282989501953, 0.40625, 0.33928489685058594, 0.25, 0.16071510314941406, 0.09821432828903198, -0.08035659790039062, -0.04464292526245117, 0.008928537368774414]}