{"sae_path": "/home/ubuntu/.cache/huggingface/hub/models--Qwen--SAE-Res-Qwen3-8B-Base-W64K-L0_50/snapshots/31b772ba391ca0b48861dd876827e905045efeec/layer16.sae.pt", "top_k": 100, "feature_ids": [44092, 56328, 47840, 63936, 25051, 11504, 2193, 2365, 32849, 8678, 53839, 39541, 39582, 33841, 60026, 51155, 65301, 8765, 39532, 29399, 3169, 26423, 46040, 9634, 47785, 37150, 5416, 52289, 13676, 28105, 11286, 777, 50762, 26273, 53348, 31368, 12044, 43672, 51632, 28538, 661, 49850, 17242, 7030, 59670, 63643, 8894, 34940, 24392, 60743, 17739, 21808, 27432, 58755, 64982, 40975, 38031, 4812, 48706, 16038, 61771, 20740, 44338, 56785, 31799, 44113, 22048, 24533, 11931, 1721, 585, 8796, 14508, 3939, 2635, 24909, 53945, 17336, 51440, 32185, 766, 22123, 17554, 13835, 18124, 52785, 14868, 4312, 321, 63236, 57902, 47834, 64865, 30477, 41163, 53126, 48989, 9790, 39453, 35922], "signs": [1, 1, 1, -1, -1, 1, 1, 1, -1, 1, 1, -1, -1, -1, 1, 1, 1, 1, -1, -1, -1, -1, -1, -1, 1, -1, -1, -1, -1, -1, 1, -1, -1, 1, 1, 1, -1, 1, -1, -1, -1, -1, -1, -1, 1, -1, -1, -1, 1, -1, -1, -1, -1, -1, -1, 1, 1, -1, -1, -1, -1, 1, 1, -1, 1, 1, -1, -1, -1, -1, -1, 1, -1, 1, -1, -1, 1, 1, -1, -1, -1, -1, -1, -1, 1, 1, -1, 1, 1, -1, -1, 1, 1, 1, 1, 1, -1, 1, 1, -1], "diffs": [1.3058032989501953, 0.9774304628372192, 0.8214285373687744, -0.809151828289032, -0.7847222089767456, 0.730654776096344, 0.7098212242126465, 0.7000246047973633, -0.6013144850730896, 0.5902777910232544, 0.5854414701461792, -0.5600199103355408, -0.5401785969734192, -0.5390625, 0.5347223281860352, 0.5307539701461792, 0.4965277910232544, 0.47619032859802246, -0.47098231315612793, -0.4375000298023224, -0.4375000298023224, -0.4325399398803711, -0.424107164144516, -0.4151785969734192, 0.4079861640930176, -0.4062502384185791, -0.3989335894584656, -0.3953373432159424, -0.35429078340530396, -0.3442460894584656, 0.3430059552192688, -0.3392857313156128, -0.3288690447807312, 0.30171120166778564, 0.29687488079071045, 0.28571414947509766, -0.274057537317276, 0.2641368508338928, -0.2589285969734192, -0.2589285969734192, -0.2589285969734192, -0.2571924924850464, -0.2537202835083008, -0.252232164144516, 0.2465277761220932, -0.2399553656578064, -0.2366071492433548, -0.2343750149011612, 0.23276281356811523, -0.2287946492433548, -0.2142857313156128, -0.2136656790971756, -0.2098214328289032, -0.2098214328289032, -0.20932579040527344, 0.20684516429901123, 0.20188498497009277, -0.2000868022441864, -0.1986607164144516, -0.1986607164144516, -0.1971731185913086, 0.19500243663787842, 0.19394826889038086, -0.19295644760131836, 0.1914682388305664, 0.1913440227508545, -0.19097232818603516, -0.1897321492433548, -0.1897321492433548, -0.1875000149011612, -0.1875000149011612, 0.18700391054153442, -0.1852678656578064, 0.1840277910232544, -0.184027761220932, -0.1830357164144516, 0.18303537368774414, 0.182539701461792, -0.1819196492433548, -0.180803582072258, -0.180803582072258, -0.176835298538208, -0.1718750149011612, -0.1718750149011612, 0.16282248497009277, 0.1597222238779068, -0.15625, 0.15625, 0.1552579402923584, -0.149553582072258, -0.14856195449829102, 0.1364087462425232, 0.1284722238779068, 0.12648797035217285, 0.12574398517608643, 0.125, -0.11259925365447998, 0.11111107468605042, 0.10491061210632324, -0.1006944552063942]}